{
  "comment": "Spring Configuration Metadata for properties that do not use @ConfigurationProperties.  All new properties should use @ConfigurationProperties, and these properties should be migrated to @ConfigurationProperties, so metadata is generated at build time.",
  "groups": [
    {
      "name": "vault",
      "description": "Settings to configure RegionFormatVaultPropertiesAutoEnvConfig in hcaas-spring-boot-starter",
      "sourceType": "com.humana.claims.hcaas.common.spring.boot.starter.env.vault.RegionFormatVaultPropertiesAutoEnvConfig"
    },
    {
      "name": "heartbeat",
      "description": "Settings to configure HeartbeatLogger in hcaas-spring-boot-starter",
      "sourceType": "com.humana.claims.hcaas.common.spring.boot.starter.autoconfig.HeartbeatLoggerAutoConfig"
    },
    {
      "name": "mongodb",
      "description": "Settings to configure MongoDBAutoConfig in hcaas-spring-boot-starter",
      "sourceType": "com.humana.claims.hcaas.common.spring.boot.starter.autoconfig.MongoDBAutoConfig"
    },
    {
      "name": "mongodb.fle",
      "description": "Settings to configure MongoDBFLEAutoConfig in hcaas-spring-boot-starter",
      "sourceType": "com.humana.claims.hcaas.common.spring.boot.starter.autoconfig.MongoDBFLEAutoConfig"
    }

  ],
  "properties": [
    {
      "name": "vault.token",
      "type": "java.lang.String",
      "description": "The vault token to allow access to vault.  Should only be set at runtime.  If not set, vault secrets will not be loaded. \n\n(source: hcaas-spring-boot-starter RegionFormatVaultPropertiesAutoEnvConfig)",
      "defaultValue": null,
      "sourceType": "com.humana.claims.hcaas.common.spring.boot.starter.env.vault.RegionFormatVaultPropertiesAutoEnvConfig"
    },
    {
      "name": "vault.secrets.prefix",
      "type": "java.lang.String",
      "description": "The prefix to use as a filter of vault secrets keys.  Prefix will be removed before loading secret as a property.  Should typically be set in properties file.  See RegionFormatVaultPropertiesAutoEnvConfig for more information. \n\n(source: hcaas-spring-boot-starter RegionFormatVaultPropertiesAutoEnvConfig)",
      "sourceType": "com.humana.claims.hcaas.common.spring.boot.starter.env.vault.RegionFormatVaultPropertiesAutoEnvConfig"
    },
    {
      "name": "env",
      "type": "java.lang.String",
      "description": "The environment to load vault secrets for.  This is used to determine the environment in the Vault secrets path (/secret/hcaas.17576/{env}/{region}/connectionstrings).  See RegionFormatVaultPropertiesAutoEnvConfig for more information. \n\n(source: hcaas-spring-boot-starter RegionFormatVaultPropertiesAutoEnvConfig)",
      "defaultValue": null,
      "sourceType": "com.humana.claims.hcaas.common.spring.boot.starter.env.vault.RegionFormatVaultPropertiesAutoEnvConfig"
    },
    {
      "name": "region",
      "type": "java.lang.String",
      "description": "The region to load vault secrets for.  Only applicable if vault.path_format=region.  Will load secrets for both /secret/hcaas.17576/{env}/{region}/connectionstrings and /secret/hcaas.17576/{env}/default/connectionstrings (with region taking precedent).  Only default will load if not set. \n\n(source: hcaas-spring-boot-starter RegionFormatVaultPropertiesAutoEnvConfig)",
      "defaultValue": null,
      "sourceType": "com.humana.claims.hcaas.common.spring.boot.starter.env.vault.RegionFormatVaultPropertiesAutoEnvConfig"
    },
    {
      "name": "vault.endpoint",
      "type": "java.lang.String",
      "description": "The endpoint for Vault.  See RegionFormatVaultPropertiesAutoEnvConfig for more information. \n\n(source: hcaas-spring-boot-starter RegionFormatVaultPropertiesAutoEnvConfig)",
      "defaultValue": "https://itvault.humana.com",
      "sourceType": "com.humana.claims.hcaas.common.spring.boot.starter.env.vault.RegionFormatVaultPropertiesAutoEnvConfig"
    },

    {
      "name": "heartbeat.frequency.secs",
      "type": "java.lang.Long",
      "description": "Frequency to log heartbeat message in seconds.  \n\n(source: hcaas-spring-boot-starter HeartbeatLoggerAutoConfig)",
      "defaultValue": 300,
      "sourceType": "com.humana.claims.hcaas.common.spring.boot.starter.autoconfig.HeartbeatLoggerAutoConfig"
    },

    {
      "name": "build.build-number",
      "type": "java.lang.String",
      "description": "Build number, displayed on /version endpoint.  Has to be set at build time  \n\n(source: hcaas-spring-boot-starter VersionInfoController)",
      "sourceType": "com.humana.claims.hcaas.common.spring.boot.starter.restapi.controller.VersionInfoController"
    }
  ],
  "hints": [
    {
      "name": "env",
      "values": [
        {
          "value": "dev",
          "description": "Dev environment"
        },
        {
          "value": "int",
          "description": "Integration environment"
        },
        {
          "value": "qa",
          "description": "QA environment"
        },
        {
          "value": "prod",
          "description": "Production environment"
        }
      ]
    },
    {
      "name": "region",
      "values": [
        {
          "value": "eastus2",
          "description": "Azure East US 2 region"
        },
        {
          "value": "centralus",
          "description": "Azure Central US region"
        }
      ]
    }
  ]
}
