{
  "comment": "Spring Configuration Metadata for properties that do not use @ConfigurationProperties.  All new properties should use @ConfigurationProperties, and these properties should be migrated to @ConfigurationProperties, so metadata is generated at build time.",
  "groups": [
    {
      "name": "swaggerui",
      "description": "Settings to configure Contract-First Swagger UI in hcaas-rest-api-starter",
      "sourceType": "com.humana.claims.hcaas.common.rest.api.starter.autoconfig.ContractFirstSwaggerUi"
    }
  ],
  "properties": [
    {
      "name": "swaggerui.enabled",
      "type": "java.lang.Boolean",
      "description": "Controls if Auto Configured Contract-First Swagger UI is enabled. \n\n(source: hcaas-rest-api-starter ContractFirstSwaggerUi)",
      "sourceType": "com.humana.claims.hcaas.common.rest.api.starter.autoconfig.ContractFirstSwaggerUi"
    },
    {
      "name": "swaggerui.root-redirect.enabled",
      "type": "java.lang.Boolean",
      "description": "Controls if the root path (\"/\") automatically redirects to Swagger UI. \n\n(source: hcaas-rest-api-starter ContractFirstSwaggerUi)",
      "sourceType": "com.humana.claims.hcaas.common.rest.api.starter.autoconfig.ContractFirstSwaggerUi",
      "defaultValue": true
    }
  ]
}
